system,item,run,score
strong-1,task_000,1,0.7521
strong-1,task_000,2,0.6714
strong-1,task_000,3,0.9914
strong-2,task_000,1,0.7456
strong-2,task_000,2,0.8363
strong-2,task_000,3,0.7717
strong-3,task_000,1,0.9743
strong-3,task_000,2,0.9454
strong-3,task_000,3,0.8698
good-1,task_000,1,0.4877
good-1,task_000,2,0.7358
good-1,task_000,3,0.8053
good-2,task_000,1,0.8406
good-2,task_000,2,0.6621
good-2,task_000,3,0.9305
good-3,task_000,1,0.5849
good-3,task_000,2,0.6573
good-3,task_000,3,0.833
fair-1,task_000,1,0.6455
fair-1,task_000,2,0.8604
fair-1,task_000,3,0.6609
fair-2,task_000,1,0.5705
fair-2,task_000,2,0.5986
fair-2,task_000,3,0.5201
fair-3,task_000,1,0.4996
fair-3,task_000,2,0.7095
fair-3,task_000,3,0.704
weak-1,task_000,1,0.6025
weak-1,task_000,2,0.3771
weak-1,task_000,3,0.6459
weak-2,task_000,1,0.4285
weak-2,task_000,2,0.6333
weak-2,task_000,3,0.4125
weak-3,task_000,1,0.3792
weak-3,task_000,2,0.4876
weak-3,task_000,3,0.5736
strong-1,task_001,1,0.7766
strong-1,task_001,2,0.6945
strong-1,task_001,3,0.6113
strong-2,task_001,1,0.6047
strong-2,task_001,2,0.8142
strong-2,task_001,3,0.8677
strong-3,task_001,1,0.7408
strong-3,task_001,2,0.6407
strong-3,task_001,3,0.8549
good-1,task_001,1,0.548
good-1,task_001,2,0.6104
good-1,task_001,3,0.7572
good-2,task_001,1,0.4413
good-2,task_001,2,0.7314
good-2,task_001,3,0.6249
good-3,task_001,1,0.7009
good-3,task_001,2,0.6805
good-3,task_001,3,0.7111
fair-1,task_001,1,0.6752
fair-1,task_001,2,0.5154
fair-1,task_001,3,0.7552
fair-2,task_001,1,0.6787
fair-2,task_001,2,0.6917
fair-2,task_001,3,0.727
fair-3,task_001,1,0.6855
fair-3,task_001,2,0.6917
fair-3,task_001,3,0.6072
weak-1,task_001,1,0.2619
weak-1,task_001,2,0.404
weak-1,task_001,3,0.3342
weak-2,task_001,1,0.2624
weak-2,task_001,2,0.4473
weak-2,task_001,3,0.3563
weak-3,task_001,1,0.3056
weak-3,task_001,2,0.3041
weak-3,task_001,3,0.4484
strong-1,task_002,1,0.9219
strong-1,task_002,2,1.0
strong-1,task_002,3,0.8809
strong-2,task_002,1,0.9971
strong-2,task_002,2,1.0
strong-2,task_002,3,1.0
strong-3,task_002,1,0.6223
strong-3,task_002,2,1.0
strong-3,task_002,3,0.9198
good-1,task_002,1,0.8591
good-1,task_002,2,0.8533
good-1,task_002,3,0.8546
good-2,task_002,1,0.8476
good-2,task_002,2,0.773
good-2,task_002,3,0.6033
good-3,task_002,1,0.8005
good-3,task_002,2,0.7241
good-3,task_002,3,0.9313
fair-1,task_002,1,0.6907
fair-1,task_002,2,0.7316
fair-1,task_002,3,0.629
fair-2,task_002,1,0.6663
fair-2,task_002,2,0.7212
fair-2,task_002,3,0.5591
fair-3,task_002,1,0.7555
fair-3,task_002,2,0.7108
fair-3,task_002,3,0.592
weak-1,task_002,1,0.2787
weak-1,task_002,2,0.5989
weak-1,task_002,3,0.5097
weak-2,task_002,1,0.4842
weak-2,task_002,2,0.5165
weak-2,task_002,3,0.7423
weak-3,task_002,1,0.537
weak-3,task_002,2,0.552
weak-3,task_002,3,0.3789
strong-1,task_003,1,0.978
strong-1,task_003,2,0.8977
strong-1,task_003,3,0.9141
strong-2,task_003,1,0.802
strong-2,task_003,2,0.8976
strong-2,task_003,3,0.8376
strong-3,task_003,1,0.8642
strong-3,task_003,2,0.78
strong-3,task_003,3,0.6347
good-1,task_003,1,0.84
good-1,task_003,2,0.5139
good-1,task_003,3,0.7004
good-2,task_003,1,0.7043
good-2,task_003,2,0.6121
good-2,task_003,3,0.7942
good-3,task_003,1,0.7047
good-3,task_003,2,0.6787
good-3,task_003,3,0.784
fair-1,task_003,1,0.5844
fair-1,task_003,2,0.7896
fair-1,task_003,3,0.6754
fair-2,task_003,1,0.5846
fair-2,task_003,2,0.4229
fair-2,task_003,3,0.4929
fair-3,task_003,1,0.7563
fair-3,task_003,2,0.6312
fair-3,task_003,3,0.6056
weak-1,task_003,1,0.6375
weak-1,task_003,2,0.3157
weak-1,task_003,3,0.3924
weak-2,task_003,1,0.4048
weak-2,task_003,2,0.5213
weak-2,task_003,3,0.3838
weak-3,task_003,1,0.3893
weak-3,task_003,2,0.2802
weak-3,task_003,3,0.537
strong-1,task_004,1,0.783
strong-1,task_004,2,0.6419
strong-1,task_004,3,0.7123
strong-2,task_004,1,0.5521
strong-2,task_004,2,0.6424
strong-2,task_004,3,0.8459
strong-3,task_004,1,0.7092
strong-3,task_004,2,0.9484
strong-3,task_004,3,0.6077
good-1,task_004,1,0.6881
good-1,task_004,2,0.6028
good-1,task_004,3,0.6865
good-2,task_004,1,0.6235
good-2,task_004,2,0.5626
good-2,task_004,3,0.5289
good-3,task_004,1,0.9616
good-3,task_004,2,0.6158
good-3,task_004,3,0.4025
fair-1,task_004,1,0.4629
fair-1,task_004,2,0.6089
fair-1,task_004,3,0.4793
fair-2,task_004,1,0.6839
fair-2,task_004,2,0.6446
fair-2,task_004,3,0.5175
fair-3,task_004,1,0.4823
fair-3,task_004,2,0.4238
fair-3,task_004,3,0.4573
weak-1,task_004,1,0.1922
weak-1,task_004,2,0.4868
weak-1,task_004,3,0.5293
weak-2,task_004,1,0.2161
weak-2,task_004,2,0.2243
weak-2,task_004,3,0.1598
weak-3,task_004,1,0.2483
weak-3,task_004,2,0.0126
weak-3,task_004,3,0.2286
strong-1,task_005,1,0.9805
strong-1,task_005,2,0.7998
strong-1,task_005,3,0.9319
strong-2,task_005,1,0.7841
strong-2,task_005,2,1.0
strong-2,task_005,3,0.8598
strong-3,task_005,1,0.7958
strong-3,task_005,2,1.0
strong-3,task_005,3,0.8022
good-1,task_005,1,0.6335
good-1,task_005,2,0.7901
good-1,task_005,3,0.7636
good-2,task_005,1,0.8852
good-2,task_005,2,0.6665
good-2,task_005,3,0.8564
good-3,task_005,1,0.8617
good-3,task_005,2,0.6944
good-3,task_005,3,0.7858
fair-1,task_005,1,0.5865
fair-1,task_005,2,0.9359
fair-1,task_005,3,0.6004
fair-2,task_005,1,0.628
fair-2,task_005,2,0.5606
fair-2,task_005,3,0.6398
fair-3,task_005,1,0.6772
fair-3,task_005,2,0.7623
fair-3,task_005,3,0.6107
weak-1,task_005,1,0.4774
weak-1,task_005,2,0.342
weak-1,task_005,3,0.4068
weak-2,task_005,1,0.801
weak-2,task_005,2,0.6124
weak-2,task_005,3,0.4119
weak-3,task_005,1,0.3507
weak-3,task_005,2,0.3905
weak-3,task_005,3,0.4955
strong-1,task_006,1,0.9925
strong-1,task_006,2,0.9068
strong-1,task_006,3,0.8471
strong-2,task_006,1,1.0
strong-2,task_006,2,1.0
strong-2,task_006,3,0.9474
strong-3,task_006,1,0.9644
strong-3,task_006,2,0.9304
strong-3,task_006,3,0.6657
good-1,task_006,1,0.9314
good-1,task_006,2,0.8009
good-1,task_006,3,0.8083
good-2,task_006,1,0.8482
good-2,task_006,2,0.9992
good-2,task_006,3,0.7899
good-3,task_006,1,0.7609
good-3,task_006,2,0.989
good-3,task_006,3,1.0
fair-1,task_006,1,0.7232
fair-1,task_006,2,0.8905
fair-1,task_006,3,0.7966
fair-2,task_006,1,0.8618
fair-2,task_006,2,0.6899
fair-2,task_006,3,0.9203
fair-3,task_006,1,0.961
fair-3,task_006,2,0.8987
fair-3,task_006,3,0.8901
weak-1,task_006,1,0.2337
weak-1,task_006,2,0.6773
weak-1,task_006,3,0.6458
weak-2,task_006,1,0.6325
weak-2,task_006,2,0.5793
weak-2,task_006,3,0.6547
weak-3,task_006,1,0.694
weak-3,task_006,2,0.6196
weak-3,task_006,3,0.5977
strong-1,task_007,1,1.0
strong-1,task_007,2,0.8099
strong-1,task_007,3,1.0
strong-2,task_007,1,0.951
strong-2,task_007,2,0.8431
strong-2,task_007,3,0.8996
strong-3,task_007,1,0.8303
strong-3,task_007,2,1.0
strong-3,task_007,3,0.9698
good-1,task_007,1,0.8003
good-1,task_007,2,0.7403
good-1,task_007,3,0.8947
good-2,task_007,1,0.9668
good-2,task_007,2,0.849
good-2,task_007,3,0.9076
good-3,task_007,1,0.8202
good-3,task_007,2,0.869
good-3,task_007,3,0.8295
fair-1,task_007,1,0.8039
fair-1,task_007,2,0.6055
fair-1,task_007,3,0.8424
fair-2,task_007,1,0.7462
fair-2,task_007,2,0.811
fair-2,task_007,3,0.7341
fair-3,task_007,1,0.8068
fair-3,task_007,2,0.6536
fair-3,task_007,3,0.9023
weak-1,task_007,1,0.4041
weak-1,task_007,2,0.4772
weak-1,task_007,3,0.6175
weak-2,task_007,1,0.7524
weak-2,task_007,2,0.6221
weak-2,task_007,3,0.5643
weak-3,task_007,1,0.4348
weak-3,task_007,2,0.5705
weak-3,task_007,3,0.5893
strong-1,task_008,1,0.8534
strong-1,task_008,2,0.7358
strong-1,task_008,3,0.4992
strong-2,task_008,1,0.8903
strong-2,task_008,2,0.624
strong-2,task_008,3,0.5707
strong-3,task_008,1,0.8296
strong-3,task_008,2,0.6619
strong-3,task_008,3,0.627
good-1,task_008,1,0.6215
good-1,task_008,2,0.6903
good-1,task_008,3,0.7067
good-2,task_008,1,0.4461
good-2,task_008,2,0.8172
good-2,task_008,3,0.7016
good-3,task_008,1,0.5557
good-3,task_008,2,0.5073
good-3,task_008,3,0.4908
fair-1,task_008,1,0.521
fair-1,task_008,2,0.4361
fair-1,task_008,3,0.4233
fair-2,task_008,1,0.5966
fair-2,task_008,2,0.5475
fair-2,task_008,3,0.464
fair-3,task_008,1,0.5882
fair-3,task_008,2,0.6578
fair-3,task_008,3,0.387
weak-1,task_008,1,0.261
weak-1,task_008,2,0.4311
weak-1,task_008,3,0.4065
weak-2,task_008,1,0.3523
weak-2,task_008,2,0.4553
weak-2,task_008,3,0.2077
weak-3,task_008,1,0.1647
weak-3,task_008,2,0.2321
weak-3,task_008,3,0.3409
strong-1,task_009,1,0.49
strong-1,task_009,2,0.5239
strong-1,task_009,3,0.4703
strong-2,task_009,1,0.5093
strong-2,task_009,2,0.467
strong-2,task_009,3,0.618
strong-3,task_009,1,0.665
strong-3,task_009,2,0.5247
strong-3,task_009,3,0.5547
good-1,task_009,1,0.4436
good-1,task_009,2,0.566
good-1,task_009,3,0.5173
good-2,task_009,1,0.6829
good-2,task_009,2,0.387
good-2,task_009,3,0.5474
good-3,task_009,1,0.5564
good-3,task_009,2,0.4679
good-3,task_009,3,0.5717
fair-1,task_009,1,0.2593
fair-1,task_009,2,0.6506
fair-1,task_009,3,0.2699
fair-2,task_009,1,0.5187
fair-2,task_009,2,0.2942
fair-2,task_009,3,0.5441
fair-3,task_009,1,0.3752
fair-3,task_009,2,0.435
fair-3,task_009,3,0.4234
weak-1,task_009,1,0.3586
weak-1,task_009,2,0.2022
weak-1,task_009,3,0.0
weak-2,task_009,1,0.1539
weak-2,task_009,2,0.2577
weak-2,task_009,3,0.1891
weak-3,task_009,1,0.3222
weak-3,task_009,2,0.3492
weak-3,task_009,3,0.2213
strong-1,task_010,1,0.5164
strong-1,task_010,2,0.8325
strong-1,task_010,3,0.7994
strong-2,task_010,1,0.6474
strong-2,task_010,2,0.9122
strong-2,task_010,3,0.6419
strong-3,task_010,1,0.5552
strong-3,task_010,2,0.6631
strong-3,task_010,3,0.7988
good-1,task_010,1,0.5072
good-1,task_010,2,0.8249
good-1,task_010,3,0.5117
good-2,task_010,1,0.7153
good-2,task_010,2,0.6702
good-2,task_010,3,0.5933
good-3,task_010,1,0.7291
good-3,task_010,2,0.4453
good-3,task_010,3,0.7596
fair-1,task_010,1,0.5133
fair-1,task_010,2,0.4606
fair-1,task_010,3,0.6027
fair-2,task_010,1,0.6369
fair-2,task_010,2,0.605
fair-2,task_010,3,0.7402
fair-3,task_010,1,0.6392
fair-3,task_010,2,0.6615
fair-3,task_010,3,0.4609
weak-1,task_010,1,0.352
weak-1,task_010,2,0.4022
weak-1,task_010,3,0.3383
weak-2,task_010,1,0.3735
weak-2,task_010,2,0.3871
weak-2,task_010,3,0.4331
weak-3,task_010,1,0.3291
weak-3,task_010,2,0.3018
weak-3,task_010,3,0.2492
strong-1,task_011,1,0.6885
strong-1,task_011,2,0.9156
strong-1,task_011,3,0.7773
strong-2,task_011,1,0.8732
strong-2,task_011,2,0.6439
strong-2,task_011,3,0.5734
strong-3,task_011,1,0.6712
strong-3,task_011,2,0.9127
strong-3,task_011,3,0.9041
good-1,task_011,1,0.7531
good-1,task_011,2,0.6284
good-1,task_011,3,0.7022
good-2,task_011,1,0.6839
good-2,task_011,2,0.6787
good-2,task_011,3,0.4409
good-3,task_011,1,0.6222
good-3,task_011,2,0.6957
good-3,task_011,3,0.8834
fair-1,task_011,1,0.6443
fair-1,task_011,2,0.7807
fair-1,task_011,3,0.5833
fair-2,task_011,1,0.5988
fair-2,task_011,2,0.1977
fair-2,task_011,3,0.6776
fair-3,task_011,1,0.6868
fair-3,task_011,2,0.8206
fair-3,task_011,3,0.5731
weak-1,task_011,1,0.457
weak-1,task_011,2,0.369
weak-1,task_011,3,0.3172
weak-2,task_011,1,0.3682
weak-2,task_011,2,0.4087
weak-2,task_011,3,0.5957
weak-3,task_011,1,0.4469
weak-3,task_011,2,0.3597
weak-3,task_011,3,0.4622
strong-1,task_012,1,0.4319
strong-1,task_012,2,0.3336
strong-1,task_012,3,0.5338
strong-2,task_012,1,0.2003
strong-2,task_012,2,0.3845
strong-2,task_012,3,0.4812
strong-3,task_012,1,0.2608
strong-3,task_012,2,0.4477
strong-3,task_012,3,0.5502
good-1,task_012,1,0.3879
good-1,task_012,2,0.1521
good-1,task_012,3,0.2579
good-2,task_012,1,0.4735
good-2,task_012,2,0.3708
good-2,task_012,3,0.3369
good-3,task_012,1,0.3865
good-3,task_012,2,0.4173
good-3,task_012,3,0.2601
fair-1,task_012,1,0.2161
fair-1,task_012,2,0.2637
fair-1,task_012,3,0.1882
fair-2,task_012,1,0.2333
fair-2,task_012,2,0.3908
fair-2,task_012,3,0.1415
fair-3,task_012,1,0.4599
fair-3,task_012,2,0.4547
fair-3,task_012,3,0.0595
weak-1,task_012,1,0.0525
weak-1,task_012,2,0.1057
weak-1,task_012,3,0.0
weak-2,task_012,1,0.0
weak-2,task_012,2,0.0419
weak-2,task_012,3,0.1493
weak-3,task_012,1,0.0117
weak-3,task_012,2,0.2689
weak-3,task_012,3,0.0999
strong-1,task_013,1,0.7337
strong-1,task_013,2,0.9044
strong-1,task_013,3,0.8139
strong-2,task_013,1,0.7856
strong-2,task_013,2,0.7086
strong-2,task_013,3,0.9445
strong-3,task_013,1,0.8343
strong-3,task_013,2,0.7226
strong-3,task_013,3,0.5715
good-1,task_013,1,0.716
good-1,task_013,2,0.5492
good-1,task_013,3,0.4862
good-2,task_013,1,0.6443
good-2,task_013,2,0.706
good-2,task_013,3,0.8161
good-3,task_013,1,0.7061
good-3,task_013,2,0.7637
good-3,task_013,3,0.5401
fair-1,task_013,1,0.5825
fair-1,task_013,2,0.5987
fair-1,task_013,3,0.6798
fair-2,task_013,1,0.5978
fair-2,task_013,2,0.6734
fair-2,task_013,3,0.5295
fair-3,task_013,1,0.6244
fair-3,task_013,2,0.6306
fair-3,task_013,3,0.4475
weak-1,task_013,1,0.4243
weak-1,task_013,2,0.3698
weak-1,task_013,3,0.1955
weak-2,task_013,1,0.5104
weak-2,task_013,2,0.3652
weak-2,task_013,3,0.3112
weak-3,task_013,1,0.3635
weak-3,task_013,2,0.4202
weak-3,task_013,3,0.5709
strong-1,task_014,1,0.5624
strong-1,task_014,2,0.6326
strong-1,task_014,3,0.7317
strong-2,task_014,1,0.6393
strong-2,task_014,2,0.6982
strong-2,task_014,3,0.5282
strong-3,task_014,1,0.6655
strong-3,task_014,2,0.5743
strong-3,task_014,3,0.6988
good-1,task_014,1,0.4003
good-1,task_014,2,0.4249
good-1,task_014,3,0.6502
good-2,task_014,1,0.4891
good-2,task_014,2,0.4712
good-2,task_014,3,0.5192
good-3,task_014,1,0.4348
good-3,task_014,2,0.6572
good-3,task_014,3,0.3732
fair-1,task_014,1,0.4041
fair-1,task_014,2,0.4588
fair-1,task_014,3,0.4092
fair-2,task_014,1,0.3324
fair-2,task_014,2,0.3251
fair-2,task_014,3,0.4674
fair-3,task_014,1,0.3073
fair-3,task_014,2,0.4917
fair-3,task_014,3,0.253
weak-1,task_014,1,0.1796
weak-1,task_014,2,0.2446
weak-1,task_014,3,0.1029
weak-2,task_014,1,0.3124
weak-2,task_014,2,0.2386
weak-2,task_014,3,0.1267
weak-3,task_014,1,0.0736
weak-3,task_014,2,0.0684
weak-3,task_014,3,0.2463
strong-1,task_015,1,0.5356
strong-1,task_015,2,0.5127
strong-1,task_015,3,0.6374
strong-2,task_015,1,0.9134
strong-2,task_015,2,0.6934
strong-2,task_015,3,0.7468
strong-3,task_015,1,0.6862
strong-3,task_015,2,0.749
strong-3,task_015,3,0.5151
good-1,task_015,1,0.5455
good-1,task_015,2,0.6216
good-1,task_015,3,0.5909
good-2,task_015,1,0.5717
good-2,task_015,2,0.5196
good-2,task_015,3,0.5644
good-3,task_015,1,0.5077
good-3,task_015,2,0.3264
good-3,task_015,3,0.4614
fair-1,task_015,1,0.5552
fair-1,task_015,2,0.6741
fair-1,task_015,3,0.7023
fair-2,task_015,1,0.5135
fair-2,task_015,2,0.6011
fair-2,task_015,3,0.6027
fair-3,task_015,1,0.4267
fair-3,task_015,2,0.3161
fair-3,task_015,3,0.5062
weak-1,task_015,1,0.129
weak-1,task_015,2,0.2876
weak-1,task_015,3,0.3897
weak-2,task_015,1,0.1666
weak-2,task_015,2,0.3264
weak-2,task_015,3,0.4592
weak-3,task_015,1,0.3626
weak-3,task_015,2,0.3803
weak-3,task_015,3,0.4226
strong-1,task_016,1,0.8835
strong-1,task_016,2,0.7096
strong-1,task_016,3,0.8282
strong-2,task_016,1,0.6859
strong-2,task_016,2,0.6328
strong-2,task_016,3,0.7275
strong-3,task_016,1,0.6263
strong-3,task_016,2,0.6299
strong-3,task_016,3,0.6261
good-1,task_016,1,0.3704
good-1,task_016,2,0.6345
good-1,task_016,3,0.4839
good-2,task_016,1,0.6111
good-2,task_016,2,0.7824
good-2,task_016,3,0.5656
good-3,task_016,1,0.5633
good-3,task_016,2,0.7729
good-3,task_016,3,0.683
fair-1,task_016,1,0.6403
fair-1,task_016,2,0.4938
fair-1,task_016,3,0.6152
fair-2,task_016,1,0.4574
fair-2,task_016,2,0.4586
fair-2,task_016,3,0.5985
fair-3,task_016,1,0.4671
fair-3,task_016,2,0.6173
fair-3,task_016,3,0.796
weak-1,task_016,1,0.1674
weak-1,task_016,2,0.2702
weak-1,task_016,3,0.4761
weak-2,task_016,1,0.337
weak-2,task_016,2,0.4806
weak-2,task_016,3,0.2418
weak-3,task_016,1,0.3894
weak-3,task_016,2,0.3364
weak-3,task_016,3,0.3684
strong-1,task_017,1,0.7658
strong-1,task_017,2,0.5952
strong-1,task_017,3,0.6112
strong-2,task_017,1,0.8833
strong-2,task_017,2,0.7616
strong-2,task_017,3,0.7411
strong-3,task_017,1,0.7245
strong-3,task_017,2,0.7686
strong-3,task_017,3,0.6022
good-1,task_017,1,0.5495
good-1,task_017,2,0.8029
good-1,task_017,3,0.676
good-2,task_017,1,0.7529
good-2,task_017,2,0.5928
good-2,task_017,3,0.8108
good-3,task_017,1,0.6974
good-3,task_017,2,0.7123
good-3,task_017,3,0.7198
fair-1,task_017,1,0.4817
fair-1,task_017,2,0.3642
fair-1,task_017,3,0.4512
fair-2,task_017,1,0.7487
fair-2,task_017,2,0.7125
fair-2,task_017,3,0.5312
fair-3,task_017,1,0.5362
fair-3,task_017,2,0.6834
fair-3,task_017,3,0.5509
weak-1,task_017,1,0.2465
weak-1,task_017,2,0.5286
weak-1,task_017,3,0.4419
weak-2,task_017,1,0.1126
weak-2,task_017,2,0.3549
weak-2,task_017,3,0.4052
weak-3,task_017,1,0.4423
weak-3,task_017,2,0.4061
weak-3,task_017,3,0.3195
strong-1,task_018,1,0.8331
strong-1,task_018,2,0.8783
strong-1,task_018,3,0.8164
strong-2,task_018,1,0.805
strong-2,task_018,2,0.9836
strong-2,task_018,3,0.7417
strong-3,task_018,1,0.8074
strong-3,task_018,2,0.6224
strong-3,task_018,3,0.9054
good-1,task_018,1,0.867
good-1,task_018,2,0.8362
good-1,task_018,3,0.8768
good-2,task_018,1,0.8243
good-2,task_018,2,0.8135
good-2,task_018,3,0.828
good-3,task_018,1,0.7465
good-3,task_018,2,0.9066
good-3,task_018,3,0.7375
fair-1,task_018,1,0.525
fair-1,task_018,2,0.7793
fair-1,task_018,3,0.8894
fair-2,task_018,1,0.5802
fair-2,task_018,2,0.6747
fair-2,task_018,3,0.6105
fair-3,task_018,1,0.644
fair-3,task_018,2,0.6909
fair-3,task_018,3,0.5493
weak-1,task_018,1,0.4753
weak-1,task_018,2,0.3446
weak-1,task_018,3,0.4434
weak-2,task_018,1,0.3754
weak-2,task_018,2,0.3894
weak-2,task_018,3,0.3167
weak-3,task_018,1,0.64
weak-3,task_018,2,0.5619
weak-3,task_018,3,0.2949
strong-1,task_019,1,0.8812
strong-1,task_019,2,0.8731
strong-1,task_019,3,0.8708
strong-2,task_019,1,0.7876
strong-2,task_019,2,1.0
strong-2,task_019,3,0.9033
strong-3,task_019,1,0.9983
strong-3,task_019,2,1.0
strong-3,task_019,3,1.0
good-1,task_019,1,0.6772
good-1,task_019,2,1.0
good-1,task_019,3,1.0
good-2,task_019,1,0.9398
good-2,task_019,2,1.0
good-2,task_019,3,0.8993
good-3,task_019,1,0.9672
good-3,task_019,2,0.7956
good-3,task_019,3,1.0
fair-1,task_019,1,0.8053
fair-1,task_019,2,0.7372
fair-1,task_019,3,1.0
fair-2,task_019,1,0.7533
fair-2,task_019,2,0.7878
fair-2,task_019,3,0.7651
fair-3,task_019,1,0.7037
fair-3,task_019,2,0.8452
fair-3,task_019,3,0.868
weak-1,task_019,1,0.6458
weak-1,task_019,2,0.3471
weak-1,task_019,3,0.7177
weak-2,task_019,1,0.5683
weak-2,task_019,2,0.473
weak-2,task_019,3,0.6732
weak-3,task_019,1,0.6687
weak-3,task_019,2,0.4921
weak-3,task_019,3,0.8788
strong-1,task_020,1,0.6264
strong-1,task_020,2,0.5688
strong-1,task_020,3,0.6325
strong-2,task_020,1,0.9157
strong-2,task_020,2,0.7401
strong-2,task_020,3,0.7185
strong-3,task_020,1,0.7526
strong-3,task_020,2,0.6938
strong-3,task_020,3,0.6835
good-1,task_020,1,0.6189
good-1,task_020,2,0.7673
good-1,task_020,3,0.8017
good-2,task_020,1,0.5734
good-2,task_020,2,0.7157
good-2,task_020,3,0.7761
good-3,task_020,1,0.5704
good-3,task_020,2,0.6342
good-3,task_020,3,0.5752
fair-1,task_020,1,0.4574
fair-1,task_020,2,0.6106
fair-1,task_020,3,0.5185
fair-2,task_020,1,0.6689
fair-2,task_020,2,0.5962
fair-2,task_020,3,0.6448
fair-3,task_020,1,0.5673
fair-3,task_020,2,0.5296
fair-3,task_020,3,0.5895
weak-1,task_020,1,0.4189
weak-1,task_020,2,0.3418
weak-1,task_020,3,0.4664
weak-2,task_020,1,0.5016
weak-2,task_020,2,0.4368
weak-2,task_020,3,0.6079
weak-3,task_020,1,0.3499
weak-3,task_020,2,0.4767
weak-3,task_020,3,0.3745
strong-1,task_021,1,1.0
strong-1,task_021,2,0.9073
strong-1,task_021,3,1.0
strong-2,task_021,1,1.0
strong-2,task_021,2,1.0
strong-2,task_021,3,0.8594
strong-3,task_021,1,0.9443
strong-3,task_021,2,0.9005
strong-3,task_021,3,0.9401
good-1,task_021,1,0.8524
good-1,task_021,2,0.9154
good-1,task_021,3,0.9267
good-2,task_021,1,0.9241
good-2,task_021,2,0.8675
good-2,task_021,3,0.9493
good-3,task_021,1,1.0
good-3,task_021,2,0.8294
good-3,task_021,3,0.9287
fair-1,task_021,1,0.8305
fair-1,task_021,2,0.8902
fair-1,task_021,3,0.8316
fair-2,task_021,1,0.8369
fair-2,task_021,2,0.7296
fair-2,task_021,3,0.841
fair-3,task_021,1,0.7372
fair-3,task_021,2,0.8954
fair-3,task_021,3,0.8273
weak-1,task_021,1,0.663
weak-1,task_021,2,0.5606
weak-1,task_021,3,0.747
weak-2,task_021,1,0.7348
weak-2,task_021,2,0.7534
weak-2,task_021,3,0.9036
weak-3,task_021,1,0.6529
weak-3,task_021,2,0.791
weak-3,task_021,3,0.645
strong-1,task_022,1,0.7169
strong-1,task_022,2,0.7138
strong-1,task_022,3,0.7027
strong-2,task_022,1,0.746
strong-2,task_022,2,0.6401
strong-2,task_022,3,0.6781
strong-3,task_022,1,0.7325
strong-3,task_022,2,0.8658
strong-3,task_022,3,0.5809
good-1,task_022,1,0.4049
good-1,task_022,2,0.5503
good-1,task_022,3,0.6135
good-2,task_022,1,0.6228
good-2,task_022,2,0.6137
good-2,task_022,3,0.7337
good-3,task_022,1,0.7109
good-3,task_022,2,0.5981
good-3,task_022,3,0.5519
fair-1,task_022,1,0.4755
fair-1,task_022,2,0.4744
fair-1,task_022,3,0.4888
fair-2,task_022,1,0.3406
fair-2,task_022,2,0.4629
fair-2,task_022,3,0.4668
fair-3,task_022,1,0.4928
fair-3,task_022,2,0.4856
fair-3,task_022,3,0.5875
weak-1,task_022,1,0.2751
weak-1,task_022,2,0.2853
weak-1,task_022,3,0.3932
weak-2,task_022,1,0.3077
weak-2,task_022,2,0.3574
weak-2,task_022,3,0.4072
weak-3,task_022,1,0.38
weak-3,task_022,2,0.3611
weak-3,task_022,3,0.312
strong-1,task_023,1,0.9112
strong-1,task_023,2,0.8556
strong-1,task_023,3,0.7807
strong-2,task_023,1,0.8197
strong-2,task_023,2,0.7022
strong-2,task_023,3,0.7305
strong-3,task_023,1,0.6291
strong-3,task_023,2,0.7614
strong-3,task_023,3,0.9832
good-1,task_023,1,0.705
good-1,task_023,2,0.8529
good-1,task_023,3,0.7659
good-2,task_023,1,0.6892
good-2,task_023,2,0.9135
good-2,task_023,3,0.8303
good-3,task_023,1,0.5735
good-3,task_023,2,0.8808
good-3,task_023,3,0.648
fair-1,task_023,1,0.6567
fair-1,task_023,2,0.7497
fair-1,task_023,3,0.6433
fair-2,task_023,1,0.7993
fair-2,task_023,2,0.76
fair-2,task_023,3,0.5028
fair-3,task_023,1,0.6243
fair-3,task_023,2,0.7073
fair-3,task_023,3,0.613
weak-1,task_023,1,0.4725
weak-1,task_023,2,0.5842
weak-1,task_023,3,0.5311
weak-2,task_023,1,0.395
weak-2,task_023,2,0.5154
weak-2,task_023,3,0.4289
weak-3,task_023,1,0.3626
weak-3,task_023,2,0.3719
weak-3,task_023,3,0.5278
strong-1,task_024,1,0.9215
strong-1,task_024,2,0.9252
strong-1,task_024,3,0.7985
strong-2,task_024,1,0.9043
strong-2,task_024,2,0.8105
strong-2,task_024,3,0.8227
strong-3,task_024,1,0.9064
strong-3,task_024,2,0.7724
strong-3,task_024,3,0.9982
good-1,task_024,1,1.0
good-1,task_024,2,0.905
good-1,task_024,3,0.7398
good-2,task_024,1,0.8247
good-2,task_024,2,0.6835
good-2,task_024,3,0.813
good-3,task_024,1,0.9104
good-3,task_024,2,0.9194
good-3,task_024,3,0.7411
fair-1,task_024,1,0.7975
fair-1,task_024,2,0.8918
fair-1,task_024,3,0.9576
fair-2,task_024,1,0.6875
fair-2,task_024,2,0.6695
fair-2,task_024,3,0.7705
fair-3,task_024,1,0.4425
fair-3,task_024,2,0.7061
fair-3,task_024,3,0.7347
weak-1,task_024,1,0.534
weak-1,task_024,2,0.4103
weak-1,task_024,3,0.5575
weak-2,task_024,1,0.4991
weak-2,task_024,2,0.6679
weak-2,task_024,3,0.4835
weak-3,task_024,1,0.5535
weak-3,task_024,2,0.5589
weak-3,task_024,3,0.647
strong-1,task_025,1,0.515
strong-1,task_025,2,0.7576
strong-1,task_025,3,0.8786
strong-2,task_025,1,0.7553
strong-2,task_025,2,0.6271
strong-2,task_025,3,0.831
strong-3,task_025,1,0.8321
strong-3,task_025,2,0.7653
strong-3,task_025,3,0.6675
good-1,task_025,1,0.6436
good-1,task_025,2,0.6905
good-1,task_025,3,0.6287
good-2,task_025,1,0.5138
good-2,task_025,2,0.6404
good-2,task_025,3,0.7183
good-3,task_025,1,0.6693
good-3,task_025,2,0.7167
good-3,task_025,3,0.7342
fair-1,task_025,1,0.7337
fair-1,task_025,2,0.8775
fair-1,task_025,3,0.7155
fair-2,task_025,1,0.4806
fair-2,task_025,2,0.3428
fair-2,task_025,3,0.6247
fair-3,task_025,1,0.6429
fair-3,task_025,2,0.5072
fair-3,task_025,3,0.665
weak-1,task_025,1,0.3707
weak-1,task_025,2,0.4993
weak-1,task_025,3,0.4192
weak-2,task_025,1,0.4988
weak-2,task_025,2,0.2633
weak-2,task_025,3,0.4068
weak-3,task_025,1,0.4387
weak-3,task_025,2,0.2983
weak-3,task_025,3,0.6621
strong-1,task_026,1,0.6016
strong-1,task_026,2,0.8139
strong-1,task_026,3,0.588
strong-2,task_026,1,0.6357
strong-2,task_026,2,0.7913
strong-2,task_026,3,0.6945
strong-3,task_026,1,0.6822
strong-3,task_026,2,0.6903
strong-3,task_026,3,0.5108
good-1,task_026,1,0.5482
good-1,task_026,2,0.4858
good-1,task_026,3,0.6128
good-2,task_026,1,0.5312
good-2,task_026,2,0.5862
good-2,task_026,3,0.5825
good-3,task_026,1,0.587
good-3,task_026,2,0.5872
good-3,task_026,3,0.5193
fair-1,task_026,1,0.3851
fair-1,task_026,2,0.428
fair-1,task_026,3,0.6189
fair-2,task_026,1,0.5422
fair-2,task_026,2,0.5656
fair-2,task_026,3,0.6528
fair-3,task_026,1,0.3713
fair-3,task_026,2,0.5571
fair-3,task_026,3,0.3828
weak-1,task_026,1,0.2843
weak-1,task_026,2,0.3743
weak-1,task_026,3,0.4986
weak-2,task_026,1,0.235
weak-2,task_026,2,0.3106
weak-2,task_026,3,0.4482
weak-3,task_026,1,0.1572
weak-3,task_026,2,0.3609
weak-3,task_026,3,0.2871
strong-1,task_027,1,0.5355
strong-1,task_027,2,0.6487
strong-1,task_027,3,0.698
strong-2,task_027,1,0.5322
strong-2,task_027,2,0.6743
strong-2,task_027,3,0.6516
strong-3,task_027,1,0.4959
strong-3,task_027,2,0.8034
strong-3,task_027,3,0.7524
good-1,task_027,1,0.4679
good-1,task_027,2,0.498
good-1,task_027,3,0.6473
good-2,task_027,1,0.508
good-2,task_027,2,0.3602
good-2,task_027,3,0.6779
good-3,task_027,1,0.5635
good-3,task_027,2,0.7723
good-3,task_027,3,0.6018
fair-1,task_027,1,0.4935
fair-1,task_027,2,0.7887
fair-1,task_027,3,0.4536
fair-2,task_027,1,0.3678
fair-2,task_027,2,0.4977
fair-2,task_027,3,0.5975
fair-3,task_027,1,0.3444
fair-3,task_027,2,0.3726
fair-3,task_027,3,0.522
weak-1,task_027,1,0.0
weak-1,task_027,2,0.1723
weak-1,task_027,3,0.38
weak-2,task_027,1,0.228
weak-2,task_027,2,0.1136
weak-2,task_027,3,0.5043
weak-3,task_027,1,0.1374
weak-3,task_027,2,0.235
weak-3,task_027,3,0.2515
strong-1,task_028,1,0.7159
strong-1,task_028,2,0.6661
strong-1,task_028,3,0.6979
strong-2,task_028,1,0.7131
strong-2,task_028,2,0.6972
strong-2,task_028,3,0.717
strong-3,task_028,1,0.4451
strong-3,task_028,2,0.7553
strong-3,task_028,3,0.5523
good-1,task_028,1,0.3984
good-1,task_028,2,0.7887
good-1,task_028,3,0.4954
good-2,task_028,1,0.6565
good-2,task_028,2,0.5518
good-2,task_028,3,0.5621
good-3,task_028,1,0.69
good-3,task_028,2,0.5215
good-3,task_028,3,0.6778
fair-1,task_028,1,0.5886
fair-1,task_028,2,0.6749
fair-1,task_028,3,0.5098
fair-2,task_028,1,0.6619
fair-2,task_028,2,0.736
fair-2,task_028,3,0.7213
fair-3,task_028,1,0.6112
fair-3,task_028,2,0.5962
fair-3,task_028,3,0.8602
weak-1,task_028,1,0.6123
weak-1,task_028,2,0.2824
weak-1,task_028,3,0.4684
weak-2,task_028,1,0.433
weak-2,task_028,2,0.3747
weak-2,task_028,3,0.3836
weak-3,task_028,1,0.4204
weak-3,task_028,2,0.4699
weak-3,task_028,3,0.3908
strong-1,task_029,1,0.8526
strong-1,task_029,2,0.9684
strong-1,task_029,3,0.8502
strong-2,task_029,1,0.8752
strong-2,task_029,2,0.9242
strong-2,task_029,3,0.9949
strong-3,task_029,1,0.9502
strong-3,task_029,2,0.8567
strong-3,task_029,3,0.8381
good-1,task_029,1,0.6106
good-1,task_029,2,0.7774
good-1,task_029,3,0.6311
good-2,task_029,1,0.6326
good-2,task_029,2,0.8168
good-2,task_029,3,0.7342
good-3,task_029,1,0.7972
good-3,task_029,2,0.6763
good-3,task_029,3,0.8774
fair-1,task_029,1,0.671
fair-1,task_029,2,0.7859
fair-1,task_029,3,0.7293
fair-2,task_029,1,0.6734
fair-2,task_029,2,0.6026
fair-2,task_029,3,0.6587
fair-3,task_029,1,0.7463
fair-3,task_029,2,0.732
fair-3,task_029,3,0.5237
weak-1,task_029,1,0.5881
weak-1,task_029,2,0.4517
weak-1,task_029,3,0.5649
weak-2,task_029,1,0.3985
weak-2,task_029,2,0.5454
weak-2,task_029,3,0.3876
weak-3,task_029,1,0.4895
weak-3,task_029,2,0.4424
weak-3,task_029,3,0.4438
strong-1,task_030,1,0.5561
strong-1,task_030,2,0.6016
strong-1,task_030,3,0.427
strong-2,task_030,1,0.7149
strong-2,task_030,2,0.7242
strong-2,task_030,3,0.5698
strong-3,task_030,1,0.4667
strong-3,task_030,2,0.5473
strong-3,task_030,3,0.7227
good-1,task_030,1,0.6173
good-1,task_030,2,0.5154
good-1,task_030,3,0.6472
good-2,task_030,1,0.4339
good-2,task_030,2,0.4811
good-2,task_030,3,0.6007
good-3,task_030,1,0.5379
good-3,task_030,2,0.4836
good-3,task_030,3,0.2721
fair-1,task_030,1,0.5323
fair-1,task_030,2,0.4941
fair-1,task_030,3,0.2667
fair-2,task_030,1,0.5245
fair-2,task_030,2,0.4569
fair-2,task_030,3,0.4891
fair-3,task_030,1,0.5624
fair-3,task_030,2,0.3771
fair-3,task_030,3,0.537
weak-1,task_030,1,0.3537
weak-1,task_030,2,0.3622
weak-1,task_030,3,0.4584
weak-2,task_030,1,0.3509
weak-2,task_030,2,0.2167
weak-2,task_030,3,0.4763
weak-3,task_030,1,0.1567
weak-3,task_030,2,0.2276
weak-3,task_030,3,0.1724
strong-1,task_031,1,0.7352
strong-1,task_031,2,0.8656
strong-1,task_031,3,0.8893
strong-2,task_031,1,0.7975
strong-2,task_031,2,0.6795
strong-2,task_031,3,0.6856
strong-3,task_031,1,0.6802
strong-3,task_031,2,0.8513
strong-3,task_031,3,0.6468
good-1,task_031,1,0.7716
good-1,task_031,2,0.6729
good-1,task_031,3,0.6955
good-2,task_031,1,0.8428
good-2,task_031,2,0.6242
good-2,task_031,3,0.8593
good-3,task_031,1,0.5215
good-3,task_031,2,0.5858
good-3,task_031,3,0.5029
fair-1,task_031,1,0.5044
fair-1,task_031,2,0.6506
fair-1,task_031,3,0.6677
fair-2,task_031,1,0.6203
fair-2,task_031,2,0.6159
fair-2,task_031,3,0.4575
fair-3,task_031,1,0.4406
fair-3,task_031,2,0.62
fair-3,task_031,3,0.7348
weak-1,task_031,1,0.3665
weak-1,task_031,2,0.267
weak-1,task_031,3,0.2379
weak-2,task_031,1,0.3317
weak-2,task_031,2,0.5803
weak-2,task_031,3,0.3837
weak-3,task_031,1,0.2924
weak-3,task_031,2,0.3395
weak-3,task_031,3,0.3533
strong-1,task_032,1,0.7837
strong-1,task_032,2,0.6819
strong-1,task_032,3,0.6566
strong-2,task_032,1,0.7338
strong-2,task_032,2,0.8061
strong-2,task_032,3,0.8334
strong-3,task_032,1,0.8151
strong-3,task_032,2,0.7042
strong-3,task_032,3,0.5681
good-1,task_032,1,0.5967
good-1,task_032,2,0.7158
good-1,task_032,3,0.5378
good-2,task_032,1,0.7123
good-2,task_032,2,0.6196
good-2,task_032,3,0.6205
good-3,task_032,1,0.8077
good-3,task_032,2,0.7086
good-3,task_032,3,0.8353
fair-1,task_032,1,0.4912
fair-1,task_032,2,0.7189
fair-1,task_032,3,0.6945
fair-2,task_032,1,0.2651
fair-2,task_032,2,0.5848
fair-2,task_032,3,0.7642
fair-3,task_032,1,0.6801
fair-3,task_032,2,0.546
fair-3,task_032,3,0.5689
weak-1,task_032,1,0.2712
weak-1,task_032,2,0.4372
weak-1,task_032,3,0.2173
weak-2,task_032,1,0.3028
weak-2,task_032,2,0.5376
weak-2,task_032,3,0.4123
weak-3,task_032,1,0.3745
weak-3,task_032,2,0.4029
weak-3,task_032,3,0.7161
strong-1,task_033,1,0.9804
strong-1,task_033,2,0.7812
strong-1,task_033,3,1.0
strong-2,task_033,1,0.8568
strong-2,task_033,2,0.9479
strong-2,task_033,3,0.802
strong-3,task_033,1,0.7634
strong-3,task_033,2,0.9547
strong-3,task_033,3,0.782
good-1,task_033,1,0.7106
good-1,task_033,2,0.8953
good-1,task_033,3,0.6687
good-2,task_033,1,0.6404
good-2,task_033,2,0.8565
good-2,task_033,3,0.5809
good-3,task_033,1,0.7138
good-3,task_033,2,0.7563
good-3,task_033,3,0.6486
fair-1,task_033,1,0.5836
fair-1,task_033,2,0.7798
fair-1,task_033,3,0.7387
fair-2,task_033,1,0.6025
fair-2,task_033,2,0.7648
fair-2,task_033,3,0.8737
fair-3,task_033,1,0.5655
fair-3,task_033,2,0.7133
fair-3,task_033,3,0.924
weak-1,task_033,1,0.5938
weak-1,task_033,2,0.616
weak-1,task_033,3,0.5045
weak-2,task_033,1,0.4388
weak-2,task_033,2,0.6523
weak-2,task_033,3,0.5984
weak-3,task_033,1,0.5209
weak-3,task_033,2,0.4753
weak-3,task_033,3,0.3343
strong-1,task_034,1,0.8315
strong-1,task_034,2,0.7383
strong-1,task_034,3,0.7998
strong-2,task_034,1,0.8882
strong-2,task_034,2,0.9045
strong-2,task_034,3,0.8934
strong-3,task_034,1,1.0
strong-3,task_034,2,0.9425
strong-3,task_034,3,0.7323
good-1,task_034,1,0.6543
good-1,task_034,2,1.0
good-1,task_034,3,0.6714
good-2,task_034,1,0.7395
good-2,task_034,2,0.9363
good-2,task_034,3,0.933
good-3,task_034,1,0.7383
good-3,task_034,2,0.771
good-3,task_034,3,0.5645
fair-1,task_034,1,0.5544
fair-1,task_034,2,0.6142
fair-1,task_034,3,0.6537
fair-2,task_034,1,0.6188
fair-2,task_034,2,0.6711
fair-2,task_034,3,0.8955
fair-3,task_034,1,0.7054
fair-3,task_034,2,0.6883
fair-3,task_034,3,0.6545
weak-1,task_034,1,0.4554
weak-1,task_034,2,0.61
weak-1,task_034,3,0.3653
weak-2,task_034,1,0.4605
weak-2,task_034,2,0.3538
weak-2,task_034,3,0.4839
weak-3,task_034,1,0.4874
weak-3,task_034,2,0.5756
weak-3,task_034,3,0.6061
strong-1,task_035,1,0.9098
strong-1,task_035,2,1.0
strong-1,task_035,3,1.0
strong-2,task_035,1,0.8715
strong-2,task_035,2,0.8779
strong-2,task_035,3,0.6239
strong-3,task_035,1,0.8721
strong-3,task_035,2,0.8363
strong-3,task_035,3,0.6511
good-1,task_035,1,0.7194
good-1,task_035,2,0.8722
good-1,task_035,3,0.6306
good-2,task_035,1,0.9091
good-2,task_035,2,0.8191
good-2,task_035,3,0.7417
good-3,task_035,1,0.7512
good-3,task_035,2,0.8582
good-3,task_035,3,0.6094
fair-1,task_035,1,0.9013
fair-1,task_035,2,0.5874
fair-1,task_035,3,0.5927
fair-2,task_035,1,0.8111
fair-2,task_035,2,0.7638
fair-2,task_035,3,0.8227
fair-3,task_035,1,0.7919
fair-3,task_035,2,0.7183
fair-3,task_035,3,0.5365
weak-1,task_035,1,0.4448
weak-1,task_035,2,0.5187
weak-1,task_035,3,0.495
weak-2,task_035,1,0.2711
weak-2,task_035,2,0.6117
weak-2,task_035,3,0.6873
weak-3,task_035,1,0.6579
weak-3,task_035,2,0.3849
weak-3,task_035,3,0.5448
strong-1,task_036,1,0.4415
strong-1,task_036,2,0.8613
strong-1,task_036,3,0.462
strong-2,task_036,1,0.7205
strong-2,task_036,2,0.8033
strong-2,task_036,3,0.8174
strong-3,task_036,1,0.7132
strong-3,task_036,2,0.5186
strong-3,task_036,3,0.6643
good-1,task_036,1,0.5759
good-1,task_036,2,0.6459
good-1,task_036,3,0.714
good-2,task_036,1,0.6782
good-2,task_036,2,0.8388
good-2,task_036,3,0.6781
good-3,task_036,1,0.5626
good-3,task_036,2,0.7847
good-3,task_036,3,0.5708
fair-1,task_036,1,0.5464
fair-1,task_036,2,0.5353
fair-1,task_036,3,0.2631
fair-2,task_036,1,0.5458
fair-2,task_036,2,0.5472
fair-2,task_036,3,0.4923
fair-3,task_036,1,0.4998
fair-3,task_036,2,0.3741
fair-3,task_036,3,0.5245
weak-1,task_036,1,0.5007
weak-1,task_036,2,0.3159
weak-1,task_036,3,0.278
weak-2,task_036,1,0.2685
weak-2,task_036,2,0.5573
weak-2,task_036,3,0.1863
weak-3,task_036,1,0.4283
weak-3,task_036,2,0.3476
weak-3,task_036,3,0.5467
strong-1,task_037,1,0.9035
strong-1,task_037,2,0.7495
strong-1,task_037,3,0.5897
strong-2,task_037,1,0.9165
strong-2,task_037,2,0.9196
strong-2,task_037,3,0.6377
strong-3,task_037,1,0.8412
strong-3,task_037,2,0.6712
strong-3,task_037,3,0.6739
good-1,task_037,1,0.5122
good-1,task_037,2,0.7919
good-1,task_037,3,0.7191
good-2,task_037,1,0.7437
good-2,task_037,2,0.849
good-2,task_037,3,0.7628
good-3,task_037,1,0.7536
good-3,task_037,2,0.7717
good-3,task_037,3,0.5722
fair-1,task_037,1,0.5955
fair-1,task_037,2,0.4666
fair-1,task_037,3,0.5003
fair-2,task_037,1,0.5892
fair-2,task_037,2,0.7161
fair-2,task_037,3,0.8257
fair-3,task_037,1,0.4799
fair-3,task_037,2,0.6183
fair-3,task_037,3,0.5915
weak-1,task_037,1,0.4773
weak-1,task_037,2,0.4833
weak-1,task_037,3,0.4591
weak-2,task_037,1,0.3129
weak-2,task_037,2,0.4627
weak-2,task_037,3,0.5174
weak-3,task_037,1,0.3628
weak-3,task_037,2,0.6369
weak-3,task_037,3,0.3934
strong-1,task_038,1,0.8357
strong-1,task_038,2,0.938
strong-1,task_038,3,0.8771
strong-2,task_038,1,0.755
strong-2,task_038,2,0.9026
strong-2,task_038,3,1.0
strong-3,task_038,1,1.0
strong-3,task_038,2,0.8431
strong-3,task_038,3,1.0
good-1,task_038,1,0.85
good-1,task_038,2,0.8667
good-1,task_038,3,0.9748
good-2,task_038,1,0.9292
good-2,task_038,2,0.8524
good-2,task_038,3,0.7333
good-3,task_038,1,0.7118
good-3,task_038,2,0.8284
good-3,task_038,3,0.871
fair-1,task_038,1,0.8008
fair-1,task_038,2,0.8315
fair-1,task_038,3,0.8532
fair-2,task_038,1,0.4811
fair-2,task_038,2,0.8448
fair-2,task_038,3,0.6302
fair-3,task_038,1,0.868
fair-3,task_038,2,0.7825
fair-3,task_038,3,0.8148
weak-1,task_038,1,0.5059
weak-1,task_038,2,0.5965
weak-1,task_038,3,0.36
weak-2,task_038,1,0.6859
weak-2,task_038,2,0.529
weak-2,task_038,3,0.2806
weak-3,task_038,1,0.6822
weak-3,task_038,2,0.7499
weak-3,task_038,3,0.4691
strong-1,task_039,1,1.0
strong-1,task_039,2,0.9365
strong-1,task_039,3,0.7696
strong-2,task_039,1,0.9796
strong-2,task_039,2,1.0
strong-2,task_039,3,1.0
strong-3,task_039,1,1.0
strong-3,task_039,2,1.0
strong-3,task_039,3,1.0
good-1,task_039,1,0.9252
good-1,task_039,2,0.8828
good-1,task_039,3,0.9197
good-2,task_039,1,0.9103
good-2,task_039,2,0.9156
good-2,task_039,3,0.8276
good-3,task_039,1,0.8893
good-3,task_039,2,0.958
good-3,task_039,3,0.983
fair-1,task_039,1,0.8519
fair-1,task_039,2,0.8387
fair-1,task_039,3,0.9177
fair-2,task_039,1,0.9485
fair-2,task_039,2,0.9338
fair-2,task_039,3,0.6665
fair-3,task_039,1,0.8089
fair-3,task_039,2,0.9366
fair-3,task_039,3,0.9156
weak-1,task_039,1,0.7537
weak-1,task_039,2,0.7135
weak-1,task_039,3,0.5851
weak-2,task_039,1,0.8134
weak-2,task_039,2,0.5294
weak-2,task_039,3,0.7874
weak-3,task_039,1,0.6771
weak-3,task_039,2,0.517
weak-3,task_039,3,0.6354
strong-1,task_040,1,0.711
strong-1,task_040,2,0.5138
strong-1,task_040,3,0.4454
strong-2,task_040,1,0.5468
strong-2,task_040,2,0.4886
strong-2,task_040,3,0.441
strong-3,task_040,1,0.6267
strong-3,task_040,2,0.6663
strong-3,task_040,3,0.5179
good-1,task_040,1,0.5661
good-1,task_040,2,0.466
good-1,task_040,3,0.4976
good-2,task_040,1,0.5221
good-2,task_040,2,0.6728
good-2,task_040,3,0.5644
good-3,task_040,1,0.3986
good-3,task_040,2,0.5653
good-3,task_040,3,0.4842
fair-1,task_040,1,0.3672
fair-1,task_040,2,0.3262
fair-1,task_040,3,0.4157
fair-2,task_040,1,0.4119
fair-2,task_040,2,0.3743
fair-2,task_040,3,0.2655
fair-3,task_040,1,0.2308
fair-3,task_040,2,0.4326
fair-3,task_040,3,0.4382
weak-1,task_040,1,0.4787
weak-1,task_040,2,0.2189
weak-1,task_040,3,0.3509
weak-2,task_040,1,0.37
weak-2,task_040,2,0.2318
weak-2,task_040,3,0.247
weak-3,task_040,1,0.1913
weak-3,task_040,2,0.4338
weak-3,task_040,3,0.0726
strong-1,task_041,1,1.0
strong-1,task_041,2,1.0
strong-1,task_041,3,1.0
strong-2,task_041,1,0.9594
strong-2,task_041,2,1.0
strong-2,task_041,3,1.0
strong-3,task_041,1,1.0
strong-3,task_041,2,1.0
strong-3,task_041,3,1.0
good-1,task_041,1,1.0
good-1,task_041,2,0.8305
good-1,task_041,3,0.9105
good-2,task_041,1,1.0
good-2,task_041,2,1.0
good-2,task_041,3,0.978
good-3,task_041,1,1.0
good-3,task_041,2,1.0
good-3,task_041,3,0.8578
fair-1,task_041,1,0.7273
fair-1,task_041,2,0.7353
fair-1,task_041,3,1.0
fair-2,task_041,1,0.7462
fair-2,task_041,2,0.8364
fair-2,task_041,3,0.8418
fair-3,task_041,1,0.9756
fair-3,task_041,2,0.671
fair-3,task_041,3,0.8579
weak-1,task_041,1,0.8158
weak-1,task_041,2,0.8049
weak-1,task_041,3,0.7273
weak-2,task_041,1,0.6535
weak-2,task_041,2,0.8756
weak-2,task_041,3,0.4983
weak-3,task_041,1,0.7901
weak-3,task_041,2,0.7381
weak-3,task_041,3,0.7472
strong-1,task_042,1,1.0
strong-1,task_042,2,1.0
strong-1,task_042,3,1.0
strong-2,task_042,1,0.8685
strong-2,task_042,2,0.8582
strong-2,task_042,3,1.0
strong-3,task_042,1,1.0
strong-3,task_042,2,1.0
strong-3,task_042,3,1.0
good-1,task_042,1,0.8616
good-1,task_042,2,1.0
good-1,task_042,3,0.9676
good-2,task_042,1,1.0
good-2,task_042,2,0.7711
good-2,task_042,3,0.8653
good-3,task_042,1,0.8751
good-3,task_042,2,1.0
good-3,task_042,3,0.8351
fair-1,task_042,1,1.0
fair-1,task_042,2,1.0
fair-1,task_042,3,0.9306
fair-2,task_042,1,0.8835
fair-2,task_042,2,0.6642
fair-2,task_042,3,0.8554
fair-3,task_042,1,0.678
fair-3,task_042,2,0.7955
fair-3,task_042,3,0.8577
weak-1,task_042,1,0.6214
weak-1,task_042,2,0.7599
weak-1,task_042,3,0.6411
weak-2,task_042,1,0.485
weak-2,task_042,2,0.5387
weak-2,task_042,3,0.5152
weak-3,task_042,1,0.6205
weak-3,task_042,2,0.7926
weak-3,task_042,3,0.711
strong-1,task_043,1,0.9424
strong-1,task_043,2,0.7636
strong-1,task_043,3,1.0
strong-2,task_043,1,0.9019
strong-2,task_043,2,1.0
strong-2,task_043,3,0.8096
strong-3,task_043,1,0.8425
strong-3,task_043,2,1.0
strong-3,task_043,3,0.7868
good-1,task_043,1,0.8811
good-1,task_043,2,0.7978
good-1,task_043,3,0.7455
good-2,task_043,1,1.0
good-2,task_043,2,0.7246
good-2,task_043,3,0.9337
good-3,task_043,1,0.9565
good-3,task_043,2,0.7237
good-3,task_043,3,0.6263
fair-1,task_043,1,0.5491
fair-1,task_043,2,0.6571
fair-1,task_043,3,0.7695
fair-2,task_043,1,0.7819
fair-2,task_043,2,0.7242
fair-2,task_043,3,0.7334
fair-3,task_043,1,0.8522
fair-3,task_043,2,0.8295
fair-3,task_043,3,0.7867
weak-1,task_043,1,0.4971
weak-1,task_043,2,0.6505
weak-1,task_043,3,0.5849
weak-2,task_043,1,0.4827
weak-2,task_043,2,0.5016
weak-2,task_043,3,0.7002
weak-3,task_043,1,0.768
weak-3,task_043,2,0.5067
weak-3,task_043,3,0.3364
strong-1,task_044,1,0.8869
strong-1,task_044,2,0.723
strong-1,task_044,3,0.9029
strong-2,task_044,1,0.781
strong-2,task_044,2,1.0
strong-2,task_044,3,0.8347
strong-3,task_044,1,0.9216
strong-3,task_044,2,0.6887
strong-3,task_044,3,0.5122
good-1,task_044,1,0.7672
good-1,task_044,2,0.7811
good-1,task_044,3,0.8315
good-2,task_044,1,0.6914
good-2,task_044,2,0.6102
good-2,task_044,3,0.5763
good-3,task_044,1,0.8132
good-3,task_044,2,0.8304
good-3,task_044,3,0.656
fair-1,task_044,1,0.6042
fair-1,task_044,2,0.5822
fair-1,task_044,3,0.4538
fair-2,task_044,1,0.6842
fair-2,task_044,2,0.7554
fair-2,task_044,3,0.6377
fair-3,task_044,1,0.5058
fair-3,task_044,2,0.6405
fair-3,task_044,3,0.8124
weak-1,task_044,1,0.7166
weak-1,task_044,2,0.5119
weak-1,task_044,3,0.3955
weak-2,task_044,1,0.2639
weak-2,task_044,2,0.3123
weak-2,task_044,3,0.4725
weak-3,task_044,1,0.5071
weak-3,task_044,2,0.5105
weak-3,task_044,3,0.4534
strong-1,task_045,1,0.56
strong-1,task_045,2,0.5564
strong-1,task_045,3,0.746
strong-2,task_045,1,0.6391
strong-2,task_045,2,0.8733
strong-2,task_045,3,0.5693
strong-3,task_045,1,0.9154
strong-3,task_045,2,0.6565
strong-3,task_045,3,0.7543
good-1,task_045,1,0.6843
good-1,task_045,2,0.6219
good-1,task_045,3,0.4383
good-2,task_045,1,0.6067
good-2,task_045,2,0.8272
good-2,task_045,3,0.5189
good-3,task_045,1,0.4571
good-3,task_045,2,0.6357
good-3,task_045,3,0.6144
fair-1,task_045,1,0.4276
fair-1,task_045,2,0.487
fair-1,task_045,3,0.5169
fair-2,task_045,1,0.5244
fair-2,task_045,2,0.5877
fair-2,task_045,3,0.6475
fair-3,task_045,1,0.6124
fair-3,task_045,2,0.6074
fair-3,task_045,3,0.7546
weak-1,task_045,1,0.5103
weak-1,task_045,2,0.0694
weak-1,task_045,3,0.3498
weak-2,task_045,1,0.2164
weak-2,task_045,2,0.314
weak-2,task_045,3,0.4746
weak-3,task_045,1,0.3676
weak-3,task_045,2,0.3426
weak-3,task_045,3,0.5346
strong-1,task_046,1,0.8479
strong-1,task_046,2,1.0
strong-1,task_046,3,1.0
strong-2,task_046,1,1.0
strong-2,task_046,2,0.8853
strong-2,task_046,3,1.0
strong-3,task_046,1,1.0
strong-3,task_046,2,1.0
strong-3,task_046,3,1.0
good-1,task_046,1,0.9771
good-1,task_046,2,0.9582
good-1,task_046,3,0.8067
good-2,task_046,1,0.9093
good-2,task_046,2,0.9907
good-2,task_046,3,0.6007
good-3,task_046,1,1.0
good-3,task_046,2,0.9804
good-3,task_046,3,0.824
fair-1,task_046,1,0.7712
fair-1,task_046,2,0.8309
fair-1,task_046,3,0.8988
fair-2,task_046,1,0.8121
fair-2,task_046,2,0.9817
fair-2,task_046,3,0.8987
fair-3,task_046,1,0.7668
fair-3,task_046,2,0.8015
fair-3,task_046,3,0.8783
weak-1,task_046,1,0.7534
weak-1,task_046,2,0.7481
weak-1,task_046,3,0.6625
weak-2,task_046,1,0.6897
weak-2,task_046,2,0.6705
weak-2,task_046,3,0.7637
weak-3,task_046,1,0.5648
weak-3,task_046,2,0.7396
weak-3,task_046,3,0.4695
strong-1,task_047,1,1.0
strong-1,task_047,2,1.0
strong-1,task_047,3,1.0
strong-2,task_047,1,0.8591
strong-2,task_047,2,1.0
strong-2,task_047,3,1.0
strong-3,task_047,1,1.0
strong-3,task_047,2,1.0
strong-3,task_047,3,0.9903
good-1,task_047,1,1.0
good-1,task_047,2,1.0
good-1,task_047,3,0.8941
good-2,task_047,1,1.0
good-2,task_047,2,0.9756
good-2,task_047,3,1.0
good-3,task_047,1,0.9328
good-3,task_047,2,1.0
good-3,task_047,3,0.8835
fair-1,task_047,1,0.8612
fair-1,task_047,2,0.9085
fair-1,task_047,3,0.8615
fair-2,task_047,1,0.9071
fair-2,task_047,2,1.0
fair-2,task_047,3,0.7932
fair-3,task_047,1,0.8021
fair-3,task_047,2,0.9388
fair-3,task_047,3,0.8716
weak-1,task_047,1,0.6432
weak-1,task_047,2,0.7682
weak-1,task_047,3,0.6916
weak-2,task_047,1,0.7906
weak-2,task_047,2,0.7493
weak-2,task_047,3,0.7315
weak-3,task_047,1,0.7461
weak-3,task_047,2,0.8662
weak-3,task_047,3,0.8982
strong-1,task_048,1,1.0
strong-1,task_048,2,0.955
strong-1,task_048,3,0.902
strong-2,task_048,1,0.8226
strong-2,task_048,2,0.9389
strong-2,task_048,3,0.9745
strong-3,task_048,1,1.0
strong-3,task_048,2,0.8614
strong-3,task_048,3,1.0
good-1,task_048,1,1.0
good-1,task_048,2,1.0
good-1,task_048,3,0.9418
good-2,task_048,1,1.0
good-2,task_048,2,0.8941
good-2,task_048,3,1.0
good-3,task_048,1,0.8648
good-3,task_048,2,0.9418
good-3,task_048,3,1.0
fair-1,task_048,1,1.0
fair-1,task_048,2,0.8982
fair-1,task_048,3,0.8627
fair-2,task_048,1,0.6325
fair-2,task_048,2,1.0
fair-2,task_048,3,0.9422
fair-3,task_048,1,0.701
fair-3,task_048,2,1.0
fair-3,task_048,3,0.9758
weak-1,task_048,1,0.6893
weak-1,task_048,2,0.6669
weak-1,task_048,3,0.8086
weak-2,task_048,1,0.754
weak-2,task_048,2,0.7818
weak-2,task_048,3,0.8632
weak-3,task_048,1,0.8595
weak-3,task_048,2,0.8119
weak-3,task_048,3,0.7926
strong-1,task_049,1,0.8498
strong-1,task_049,2,0.8677
strong-1,task_049,3,1.0
strong-2,task_049,1,1.0
strong-2,task_049,2,1.0
strong-2,task_049,3,1.0
strong-3,task_049,1,0.9295
strong-3,task_049,2,1.0
strong-3,task_049,3,0.8816
good-1,task_049,1,0.9273
good-1,task_049,2,1.0
good-1,task_049,3,0.846
good-2,task_049,1,1.0
good-2,task_049,2,1.0
good-2,task_049,3,1.0
good-3,task_049,1,0.8972
good-3,task_049,2,0.7676
good-3,task_049,3,0.8436
fair-1,task_049,1,0.8911
fair-1,task_049,2,0.7997
fair-1,task_049,3,0.9098
fair-2,task_049,1,0.847
fair-2,task_049,2,0.7655
fair-2,task_049,3,0.9332
fair-3,task_049,1,0.9791
fair-3,task_049,2,0.7499
fair-3,task_049,3,0.8867
weak-1,task_049,1,0.6676
weak-1,task_049,2,0.6813
weak-1,task_049,3,0.639
weak-2,task_049,1,0.5126
weak-2,task_049,2,0.8055
weak-2,task_049,3,0.5356
weak-3,task_049,1,0.5546
weak-3,task_049,2,0.7226
weak-3,task_049,3,0.6702
strong-1,task_050,1,0.7496
strong-1,task_050,2,0.7649
strong-1,task_050,3,0.8197
strong-2,task_050,1,0.7892
strong-2,task_050,2,0.9083
strong-2,task_050,3,0.7091
strong-3,task_050,1,0.8771
strong-3,task_050,2,1.0
strong-3,task_050,3,0.8593
good-1,task_050,1,0.6695
good-1,task_050,2,0.6876
good-1,task_050,3,0.772
good-2,task_050,1,0.6985
good-2,task_050,2,0.903
good-2,task_050,3,0.5647
good-3,task_050,1,0.9475
good-3,task_050,2,0.5444
good-3,task_050,3,0.7627
fair-1,task_050,1,0.5581
fair-1,task_050,2,0.7674
fair-1,task_050,3,0.592
fair-2,task_050,1,0.5525
fair-2,task_050,2,0.6398
fair-2,task_050,3,0.632
fair-3,task_050,1,0.4643
fair-3,task_050,2,0.7272
fair-3,task_050,3,0.414
weak-1,task_050,1,0.6266
weak-1,task_050,2,0.4609
weak-1,task_050,3,0.602
weak-2,task_050,1,0.4311
weak-2,task_050,2,0.4099
weak-2,task_050,3,0.5689
weak-3,task_050,1,0.4329
weak-3,task_050,2,0.3269
weak-3,task_050,3,0.4876
strong-1,task_051,1,0.4352
strong-1,task_051,2,0.5852
strong-1,task_051,3,0.7384
strong-2,task_051,1,0.6926
strong-2,task_051,2,0.5869
strong-2,task_051,3,0.5684
strong-3,task_051,1,0.5518
strong-3,task_051,2,0.5165
strong-3,task_051,3,0.6257
good-1,task_051,1,0.4993
good-1,task_051,2,0.4747
good-1,task_051,3,0.5464
good-2,task_051,1,0.2946
good-2,task_051,2,0.7319
good-2,task_051,3,0.586
good-3,task_051,1,0.3634
good-3,task_051,2,0.5293
good-3,task_051,3,0.3925
fair-1,task_051,1,0.3673
fair-1,task_051,2,0.3282
fair-1,task_051,3,0.5468
fair-2,task_051,1,0.2154
fair-2,task_051,2,0.3877
fair-2,task_051,3,0.2453
fair-3,task_051,1,0.4244
fair-3,task_051,2,0.3917
fair-3,task_051,3,0.2719
weak-1,task_051,1,0.405
weak-1,task_051,2,0.4186
weak-1,task_051,3,0.1846
weak-2,task_051,1,0.3041
weak-2,task_051,2,0.2303
weak-2,task_051,3,0.2734
weak-3,task_051,1,0.4152
weak-3,task_051,2,0.2171
weak-3,task_051,3,0.4438
strong-1,task_052,1,0.7476
strong-1,task_052,2,0.769
strong-1,task_052,3,0.9871
strong-2,task_052,1,0.8096
strong-2,task_052,2,0.5558
strong-2,task_052,3,0.804
strong-3,task_052,1,0.6383
strong-3,task_052,2,0.5964
strong-3,task_052,3,0.6756
good-1,task_052,1,0.7452
good-1,task_052,2,0.5868
good-1,task_052,3,0.5551
good-2,task_052,1,0.6675
good-2,task_052,2,0.7538
good-2,task_052,3,0.6327
good-3,task_052,1,0.5656
good-3,task_052,2,0.4703
good-3,task_052,3,0.6239
fair-1,task_052,1,0.7122
fair-1,task_052,2,0.7295
fair-1,task_052,3,0.7062
fair-2,task_052,1,0.6
fair-2,task_052,2,0.6335
fair-2,task_052,3,0.7587
fair-3,task_052,1,0.5237
fair-3,task_052,2,0.6593
fair-3,task_052,3,0.4135
weak-1,task_052,1,0.5143
weak-1,task_052,2,0.3897
weak-1,task_052,3,0.3122
weak-2,task_052,1,0.5243
weak-2,task_052,2,0.3171
weak-2,task_052,3,0.3439
weak-3,task_052,1,0.6083
weak-3,task_052,2,0.3242
weak-3,task_052,3,0.3671
strong-1,task_053,1,0.8099
strong-1,task_053,2,0.9714
strong-1,task_053,3,0.6831
strong-2,task_053,1,1.0
strong-2,task_053,2,0.8583
strong-2,task_053,3,0.8502
strong-3,task_053,1,0.7864
strong-3,task_053,2,0.869
strong-3,task_053,3,1.0
good-1,task_053,1,0.8384
good-1,task_053,2,0.7125
good-1,task_053,3,0.7768
good-2,task_053,1,0.8738
good-2,task_053,2,0.8244
good-2,task_053,3,0.7867
good-3,task_053,1,0.8815
good-3,task_053,2,0.8548
good-3,task_053,3,0.6965
fair-1,task_053,1,0.5144
fair-1,task_053,2,0.7801
fair-1,task_053,3,0.9294
fair-2,task_053,1,0.6348
fair-2,task_053,2,0.7095
fair-2,task_053,3,0.874
fair-3,task_053,1,0.9164
fair-3,task_053,2,0.7322
fair-3,task_053,3,0.8625
weak-1,task_053,1,0.6276
weak-1,task_053,2,0.4839
weak-1,task_053,3,0.323
weak-2,task_053,1,0.445
weak-2,task_053,2,0.5857
weak-2,task_053,3,0.5912
weak-3,task_053,1,0.4898
weak-3,task_053,2,0.4507
weak-3,task_053,3,0.369
strong-1,task_054,1,0.389
strong-1,task_054,2,0.5604
strong-1,task_054,3,0.4006
strong-2,task_054,1,0.5722
strong-2,task_054,2,0.4861
strong-2,task_054,3,0.527
strong-3,task_054,1,0.8077
strong-3,task_054,2,0.5792
strong-3,task_054,3,0.5361
good-1,task_054,1,0.4848
good-1,task_054,2,0.3418
good-1,task_054,3,0.6512
good-2,task_054,1,0.5971
good-2,task_054,2,0.4453
good-2,task_054,3,0.5291
good-3,task_054,1,0.43
good-3,task_054,2,0.5475
good-3,task_054,3,0.3561
fair-1,task_054,1,0.4433
fair-1,task_054,2,0.579
fair-1,task_054,3,0.463
fair-2,task_054,1,0.349
fair-2,task_054,2,0.5183
fair-2,task_054,3,0.6284
fair-3,task_054,1,0.4943
fair-3,task_054,2,0.4246
fair-3,task_054,3,0.3256
weak-1,task_054,1,0.2818
weak-1,task_054,2,0.4453
weak-1,task_054,3,0.012
weak-2,task_054,1,0.3414
weak-2,task_054,2,0.2501
weak-2,task_054,3,0.4003
weak-3,task_054,1,0.2198
weak-3,task_054,2,0.0
weak-3,task_054,3,0.4529
strong-1,task_055,1,0.7157
strong-1,task_055,2,0.9313
strong-1,task_055,3,0.8292
strong-2,task_055,1,0.8389
strong-2,task_055,2,0.8584
strong-2,task_055,3,0.7832
strong-3,task_055,1,0.8637
strong-3,task_055,2,0.8771
strong-3,task_055,3,0.9314
good-1,task_055,1,0.787
good-1,task_055,2,0.8083
good-1,task_055,3,0.9193
good-2,task_055,1,0.674
good-2,task_055,2,0.7809
good-2,task_055,3,0.8258
good-3,task_055,1,0.8871
good-3,task_055,2,0.7662
good-3,task_055,3,0.7841
fair-1,task_055,1,0.6453
fair-1,task_055,2,0.8196
fair-1,task_055,3,0.6479
fair-2,task_055,1,0.7586
fair-2,task_055,2,0.672
fair-2,task_055,3,0.6866
fair-3,task_055,1,0.5487
fair-3,task_055,2,0.6895
fair-3,task_055,3,0.68
weak-1,task_055,1,0.34
weak-1,task_055,2,0.4218
weak-1,task_055,3,0.4533
weak-2,task_055,1,0.3351
weak-2,task_055,2,0.3693
weak-2,task_055,3,0.6649
weak-3,task_055,1,0.3899
weak-3,task_055,2,0.409
weak-3,task_055,3,0.3497
strong-1,task_056,1,0.9838
strong-1,task_056,2,0.9498
strong-1,task_056,3,0.8838
strong-2,task_056,1,0.858
strong-2,task_056,2,0.7947
strong-2,task_056,3,0.8175
strong-3,task_056,1,0.7746
strong-3,task_056,2,0.9212
strong-3,task_056,3,0.9249
good-1,task_056,1,0.8792
good-1,task_056,2,1.0
good-1,task_056,3,0.8566
good-2,task_056,1,0.8486
good-2,task_056,2,0.8892
good-2,task_056,3,0.6092
good-3,task_056,1,0.7793
good-3,task_056,2,0.6124
good-3,task_056,3,0.9523
fair-1,task_056,1,0.6345
fair-1,task_056,2,0.8838
fair-1,task_056,3,0.8055
fair-2,task_056,1,0.628
fair-2,task_056,2,0.5062
fair-2,task_056,3,0.5651
fair-3,task_056,1,0.803
fair-3,task_056,2,0.6534
fair-3,task_056,3,0.5258
weak-1,task_056,1,0.4841
weak-1,task_056,2,0.695
weak-1,task_056,3,0.6858
weak-2,task_056,1,0.4567
weak-2,task_056,2,0.5427
weak-2,task_056,3,0.5762
weak-3,task_056,1,0.3461
weak-3,task_056,2,0.4502
weak-3,task_056,3,0.4642
strong-1,task_057,1,0.9358
strong-1,task_057,2,0.8352
strong-1,task_057,3,0.7377
strong-2,task_057,1,0.927
strong-2,task_057,2,0.8207
strong-2,task_057,3,0.7563
strong-3,task_057,1,0.7566
strong-3,task_057,2,0.8668
strong-3,task_057,3,1.0
good-1,task_057,1,0.8022
good-1,task_057,2,0.9394
good-1,task_057,3,0.5743
good-2,task_057,1,0.7291
good-2,task_057,2,0.683
good-2,task_057,3,0.7912
good-3,task_057,1,0.9061
good-3,task_057,2,0.7613
good-3,task_057,3,0.6845
fair-1,task_057,1,0.8356
fair-1,task_057,2,0.6475
fair-1,task_057,3,0.7613
fair-2,task_057,1,0.6582
fair-2,task_057,2,0.7883
fair-2,task_057,3,0.6892
fair-3,task_057,1,0.8188
fair-3,task_057,2,0.7997
fair-3,task_057,3,0.9757
weak-1,task_057,1,0.5425
weak-1,task_057,2,0.4441
weak-1,task_057,3,0.4236
weak-2,task_057,1,0.4857
weak-2,task_057,2,0.5927
weak-2,task_057,3,0.4728
weak-3,task_057,1,0.7185
weak-3,task_057,2,0.5734
weak-3,task_057,3,0.4439
strong-1,task_058,1,0.5396
strong-1,task_058,2,0.5203
strong-1,task_058,3,0.6102
strong-2,task_058,1,0.4778
strong-2,task_058,2,0.7316
strong-2,task_058,3,0.5513
strong-3,task_058,1,0.5644
strong-3,task_058,2,0.6921
strong-3,task_058,3,0.5082
good-1,task_058,1,0.5204
good-1,task_058,2,0.7177
good-1,task_058,3,0.5658
good-2,task_058,1,0.5529
good-2,task_058,2,0.4681
good-2,task_058,3,0.4112
good-3,task_058,1,0.7129
good-3,task_058,2,0.5029
good-3,task_058,3,0.7293
fair-1,task_058,1,0.3553
fair-1,task_058,2,0.5686
fair-1,task_058,3,0.408
fair-2,task_058,1,0.4764
fair-2,task_058,2,0.5644
fair-2,task_058,3,0.4791
fair-3,task_058,1,0.5188
fair-3,task_058,2,0.2586
fair-3,task_058,3,0.3799
weak-1,task_058,1,0.4755
weak-1,task_058,2,0.2253
weak-1,task_058,3,0.2856
weak-2,task_058,1,0.2326
weak-2,task_058,2,0.1822
weak-2,task_058,3,0.0862
weak-3,task_058,1,0.1249
weak-3,task_058,2,0.4356
weak-3,task_058,3,0.2418
strong-1,task_059,1,0.5434
strong-1,task_059,2,0.5747
strong-1,task_059,3,0.7702
strong-2,task_059,1,0.5699
strong-2,task_059,2,0.6053
strong-2,task_059,3,0.5513
strong-3,task_059,1,0.5356
strong-3,task_059,2,0.8555
strong-3,task_059,3,0.6586
good-1,task_059,1,0.5688
good-1,task_059,2,0.538
good-1,task_059,3,0.6825
good-2,task_059,1,0.6109
good-2,task_059,2,0.6363
good-2,task_059,3,0.6192
good-3,task_059,1,0.5648
good-3,task_059,2,0.5512
good-3,task_059,3,0.4133
fair-1,task_059,1,0.46
fair-1,task_059,2,0.7521
fair-1,task_059,3,0.3778
fair-2,task_059,1,0.5146
fair-2,task_059,2,0.5511
fair-2,task_059,3,0.6455
fair-3,task_059,1,0.8065
fair-3,task_059,2,0.4705
fair-3,task_059,3,0.4176
weak-1,task_059,1,0.4507
weak-1,task_059,2,0.3576
weak-1,task_059,3,0.5548
weak-2,task_059,1,0.4139
weak-2,task_059,2,0.2606
weak-2,task_059,3,0.3125
weak-3,task_059,1,0.3807
weak-3,task_059,2,0.3892
weak-3,task_059,3,0.2094
